{
  "best_model_name": "Logistic Regression",
  "feature_order": [
    "gender",
    "smoking_history",
    "age",
    "bmi",
    "HbA1c_level",
    "blood_glucose_level",
    "hypertension",
    "heart_disease",
    "bmi_age_interaction",
    "glucose_hba1c_ratio"
  ],
  "feature_display_names": {
    "gender": "Gender",
    "smoking_history": "Smoking History",
    "age": "Age",
    "bmi": "BMI",
    "HbA1c_level": "HbA1c Level",
    "blood_glucose_level": "Blood Glucose Level",
    "hypertension": "Hypertension",
    "heart_disease": "Heart Disease",
    "bmi_age_interaction": "BMI \u00d7 Age",
    "glucose_hba1c_ratio": "Glucose/HbA1c Ratio"
  },
  "categorical_cols": [
    "gender",
    "smoking_history"
  ],
  "numerical_cols": [
    "age",
    "bmi",
    "HbA1c_level",
    "blood_glucose_level"
  ],
  "binary_cols": [
    "hypertension",
    "heart_disease"
  ],
  "best_metrics": {
    "accuracy": 0.845,
    "precision": 0.44660194174757284,
    "recall": 0.9019607843137255,
    "f1": 0.5974025974025974,
    "roc_auc": 0.9261756278442609,
    "cv_mean": 0.8800987727730704,
    "cv_std": 0.016124617877137145,
    "latency_ms": 0.976,
    "train_time": 0.25
  },
  "all_model_metrics": {
    "Logistic Regression": {
      "accuracy": 0.845,
      "precision": 0.44660194174757284,
      "recall": 0.9019607843137255,
      "f1": 0.5974025974025974,
      "roc_auc": 0.9261756278442609,
      "cv_mean": 0.8800987727730704,
      "cv_std": 0.016124617877137145,
      "latency_ms": 0.976,
      "train_time": 0.25
    },
    "Decision Tree": {
      "accuracy": 0.7975,
      "precision": 0.3404255319148936,
      "recall": 0.6274509803921569,
      "f1": 0.4413793103448276,
      "roc_auc": 0.7562222596775099,
      "cv_mean": 0.9109560514381881,
      "cv_std": 0.009534188152734102,
      "latency_ms": 2.286,
      "train_time": 0.43
    },
    "Random Forest": {
      "accuracy": 0.865,
      "precision": 0.4782608695652174,
      "recall": 0.6470588235294118,
      "f1": 0.55,
      "roc_auc": 0.867015000842744,
      "cv_mean": 0.9502841277182241,
      "cv_std": 0.005140047613907315,
      "latency_ms": 85.186,
      "train_time": 14.25
    },
    "XGBoost": {
      "accuracy": 0.86,
      "precision": 0.463768115942029,
      "recall": 0.6274509803921569,
      "f1": 0.5333333333333333,
      "roc_auc": 0.8422383279959548,
      "cv_mean": 0.9495691996689223,
      "cv_std": 0.003304317969637225,
      "latency_ms": 6.152,
      "train_time": 5.8
    },
    "LightGBM": {
      "accuracy": 0.8625,
      "precision": 0.46875,
      "recall": 0.5882352941176471,
      "f1": 0.5217391304347826,
      "roc_auc": 0.8562278779706726,
      "cv_mean": 0.9559958716210885,
      "cv_std": 0.0032127220187906876,
      "latency_ms": 5.293,
      "train_time": 4.39
    }
  },
  "shap_feature_importance": {
    "gender": 0.5841532108323377,
    "smoking_history": 0.28793779585763074,
    "age": 0.04799998345093701,
    "bmi": 0.037849650671223395,
    "HbA1c_level": 0.36118911610029036,
    "blood_glucose_level": 1.2230137196678788,
    "hypertension": 0.3835470157227773,
    "heart_disease": 0.20588928462425646,
    "bmi_age_interaction": 0.5204016588551669,
    "glucose_hba1c_ratio": 0.697425175957556
  },
  "trained_at": "2026-04-04T06:29:17.765483"
}