{
  "best_model": "Logistic Regression",
  "accuracy": 0.845,
  "roc_auc": 0.9261756278442609,
  "precision": 0.44660194174757284,
  "recall": 0.9019607843137255,
  "f1": 0.5974025974025974,
  "cv_mean": 0.8800987727730704,
  "cv_std": 0.016124617877137145,
  "latency_ms": 0.976,
  "all_models": {
    "Logistic Regression": {
      "accuracy": 0.845,
      "precision": 0.44660194174757284,
      "recall": 0.9019607843137255,
      "f1": 0.5974025974025974,
      "roc_auc": 0.9261756278442609,
      "cv_mean": 0.8800987727730704,
      "cv_std": 0.016124617877137145,
      "latency_ms": 0.976,
      "train_time": 0.25
    },
    "Decision Tree": {
      "accuracy": 0.7975,
      "precision": 0.3404255319148936,
      "recall": 0.6274509803921569,
      "f1": 0.4413793103448276,
      "roc_auc": 0.7562222596775099,
      "cv_mean": 0.9109560514381881,
      "cv_std": 0.009534188152734102,
      "latency_ms": 2.286,
      "train_time": 0.43
    },
    "Random Forest": {
      "accuracy": 0.865,
      "precision": 0.4782608695652174,
      "recall": 0.6470588235294118,
      "f1": 0.55,
      "roc_auc": 0.867015000842744,
      "cv_mean": 0.9502841277182241,
      "cv_std": 0.005140047613907315,
      "latency_ms": 85.186,
      "train_time": 14.25
    },
    "XGBoost": {
      "accuracy": 0.86,
      "precision": 0.463768115942029,
      "recall": 0.6274509803921569,
      "f1": 0.5333333333333333,
      "roc_auc": 0.8422383279959548,
      "cv_mean": 0.9495691996689223,
      "cv_std": 0.003304317969637225,
      "latency_ms": 6.152,
      "train_time": 5.8
    },
    "LightGBM": {
      "accuracy": 0.8625,
      "precision": 0.46875,
      "recall": 0.5882352941176471,
      "f1": 0.5217391304347826,
      "roc_auc": 0.8562278779706726,
      "cv_mean": 0.9559958716210885,
      "cv_std": 0.0032127220187906876,
      "latency_ms": 5.293,
      "train_time": 4.39
    }
  },
  "trained_at": "2026-04-04T06:29:17.765483"
}